{
  "get firebase-ActionRequest" : {
    "transaction" : "get firebase-ActionRequest",
    "sampleCount" : 551,
    "errorCount" : 48,
    "errorPct" : 8.711433,
    "meanResTime" : 3632.8166969147,
    "medianResTime" : 3820.0,
    "minResTime" : 612.0,
    "maxResTime" : 5508.0,
    "pct1ResTime" : 4988.0,
    "pct2ResTime" : 5041.0,
    "pct3ResTime" : 5141.040000000001,
    "throughput" : 0.5296498159202545,
    "receivedKBytesPerSec" : 5.0678797816275925,
    "sentKBytesPerSec" : 0.12310220330959042
  },
  "get firebase-ComedyRequest" : {
    "transaction" : "get firebase-ComedyRequest",
    "sampleCount" : 551,
    "errorCount" : 0,
    "errorPct" : 0.0,
    "meanResTime" : 577.2776769509992,
    "medianResTime" : 475.0,
    "minResTime" : 253.0,
    "maxResTime" : 3746.0,
    "pct1ResTime" : 901.8000000000001,
    "pct2ResTime" : 1730.3999999999987,
    "pct3ResTime" : 2625.84,
    "throughput" : 0.5302895419395508,
    "receivedKBytesPerSec" : 5.1889660256194325,
    "sentKBytesPerSec" : 0.12325088963048153
  },
  "get firebase-RomanceRequest" : {
    "transaction" : "get firebase-RomanceRequest",
    "sampleCount" : 551,
    "errorCount" : 0,
    "errorPct" : 0.0,
    "meanResTime" : 648.0998185117973,
    "medianResTime" : 493.0,
    "minResTime" : 254.0,
    "maxResTime" : 3940.0,
    "pct1ResTime" : 1260.8000000000002,
    "pct2ResTime" : 1517.8,
    "pct3ResTime" : 2743.48,
    "throughput" : 0.5286020729643544,
    "receivedKBytesPerSec" : 5.155935063249972,
    "sentKBytesPerSec" : 0.1233748978891413
  },
  "Total" : {
    "transaction" : "Total",
    "sampleCount" : 4959,
    "errorCount" : 48,
    "errorPct" : 0.9679371,
    "meanResTime" : 1197.1433756805775,
    "medianResTime" : 511.0,
    "minResTime" : 253.0,
    "maxResTime" : 5508.0,
    "pct1ResTime" : 3268.0,
    "pct2ResTime" : 3870.0,
    "pct3ResTime" : 4999.0,
    "throughput" : 4.396490963655143,
    "receivedKBytesPerSec" : 42.74079984784276,
    "sentKBytesPerSec" : 1.025180021798492
  },
  "get firebase-AdventureRequest" : {
    "transaction" : "get firebase-AdventureRequest",
    "sampleCount" : 551,
    "errorCount" : 0,
    "errorPct" : 0.0,
    "meanResTime" : 820.7513611615254,
    "medianResTime" : 672.0,
    "minResTime" : 253.0,
    "maxResTime" : 3801.0,
    "pct1ResTime" : 1487.4,
    "pct2ResTime" : 2562.8,
    "pct3ResTime" : 3782.44,
    "throughput" : 0.5304769093317724,
    "receivedKBytesPerSec" : 5.174222041411857,
    "sentKBytesPerSec" : 0.12484856948140345
  },
  "get firebase-MysteryRequest" : {
    "transaction" : "get firebase-MysteryRequest",
    "sampleCount" : 551,
    "errorCount" : 0,
    "errorPct" : 0.0,
    "meanResTime" : 2217.8584392014513,
    "medianResTime" : 2140.0,
    "minResTime" : 264.0,
    "maxResTime" : 4785.0,
    "pct1ResTime" : 3523.0,
    "pct2ResTime" : 4075.399999999999,
    "pct3ResTime" : 4630.360000000001,
    "throughput" : 0.5283917041543479,
    "receivedKBytesPerSec" : 5.007337008900188,
    "sentKBytesPerSec" : 0.12332579813758705
  },
  "get firebase-ThrillerRequest" : {
    "transaction" : "get firebase-ThrillerRequest",
    "sampleCount" : 551,
    "errorCount" : 0,
    "errorPct" : 0.0,
    "meanResTime" : 763.1107078039922,
    "medianResTime" : 470.0,
    "minResTime" : 254.0,
    "maxResTime" : 4653.0,
    "pct1ResTime" : 2230.4,
    "pct2ResTime" : 2492.4,
    "pct3ResTime" : 3620.1600000000017,
    "throughput" : 0.5286380805544656,
    "receivedKBytesPerSec" : 5.060780374683033,
    "sentKBytesPerSec" : 0.12389955012995288
  },
  "get firebase-HorrorRequest" : {
    "transaction" : "get firebase-HorrorRequest",
    "sampleCount" : 551,
    "errorCount" : 0,
    "errorPct" : 0.0,
    "meanResTime" : 669.1687840290383,
    "medianResTime" : 476.0,
    "minResTime" : 255.0,
    "maxResTime" : 4026.0,
    "pct1ResTime" : 1342.2000000000003,
    "pct2ResTime" : 2513.2,
    "pct3ResTime" : 3520.2400000000002,
    "throughput" : 0.5297949568519987,
    "receivedKBytesPerSec" : 5.055299339258672,
    "sentKBytesPerSec" : 0.12313593723708563
  },
  "get firebase-FantasyRequest" : {
    "transaction" : "get firebase-FantasyRequest",
    "sampleCount" : 551,
    "errorCount" : 0,
    "errorPct" : 0.0,
    "meanResTime" : 770.4482758620691,
    "medianResTime" : 484.0,
    "minResTime" : 255.0,
    "maxResTime" : 4845.0,
    "pct1ResTime" : 2242.8000000000006,
    "pct2ResTime" : 2699.5999999999995,
    "pct3ResTime" : 4095.6000000000026,
    "throughput" : 0.5298943096467692,
    "receivedKBytesPerSec" : 5.5571630774381395,
    "sentKBytesPerSec" : 0.12367650391169711
  },
  "get firebase-DramaRequest" : {
    "transaction" : "get firebase-DramaRequest",
    "sampleCount" : 551,
    "errorCount" : 0,
    "errorPct" : 0.0,
    "meanResTime" : 674.7586206896544,
    "medianResTime" : 481.0,
    "minResTime" : 255.0,
    "maxResTime" : 4052.0,
    "pct1ResTime" : 1722.8000000000002,
    "pct2ResTime" : 2442.2,
    "pct3ResTime" : 2951.5200000000004,
    "throughput" : 0.529979935786823,
    "receivedKBytesPerSec" : 5.063275109182118,
    "sentKBytesPerSec" : 0.12266137185691119
  }
}